{
  "version": "1.0",
  "defaultProvider": "cdnjs",
  "libraries": [
    {
      "library": "jquery@3.6.1",
      "destination": "wwwroot/lib/jquery/"
    },
    {
      "provider": "cdnjs",
      "library": "twitter-bootstrap@5.2.1",
      "destination": "wwwroot/lib/bootstrap/"
    },
    {
      "provider": "cdnjs",
      "library": "popper.js@2.11.6",
      "destination": "wwwroot/lib/popper.js/"
    },
    {
      "provider": "cdnjs",
      "library": "jquery-validate@1.19.5",
      "destination": "wwwroot/lib/jquery-validate/"
    },
    {
      "provider": "cdnjs",
      "library": "jquery-validation-unobtrusive@4.0.0",
      "destination": "wwwroot/lib/jquery-validation-unobtrusive/"
    }
  ]
}